id,post_id,title,content,post_type,url,cover_image_url,likes_count,comments_count,collects_count,shares_count,author_id,author_name,tags,search_keyword,published_at,collected_at,last_updated_at
1,6870d7f10000000017037ca7,🇭🇰香港保險行業，紅書吸客3招❗️,香港保险行业，小红书吸客3招,note,https://www.xiaohongshu.com/explore/6870d7f10000000017037ca7,,80,11,98,0,667f1b9400000000030336eb,香港客源救星Mars💫,"['香港', '香港自媒體', '香港小紅書營運', '香港人經營小紅書']",保险,,2026-03-09 14:39:04.402936+00:00,2026-03-09 14:39:04.402936+00:00
2,6677ad6b000000001d01819b,一图读懂所有保险✅人生7张保单，你有几张❓,保险不是买得越多越好，产品也不是越贵越好，买对不买贵，才是大智慧。介绍人生中必备的7张保单：保人的（重疾险、医疗险、意外险、定期寿险）和保钱的（养老年金险、教育年金险、终身寿险）。,note,https://www.xiaohongshu.com/explore/6677ad6b000000001d01819b,,3583,165,4554,0,5f68b7d3000000000101cbb3,Jason悦读,"['保险', '年金险', '保险经纪人', '教育金', '人生七张保单', '养老保险', '保险理赔', '重疾险怎么选']",保险,,2026-03-09 14:40:00.727723+00:00,2026-03-09 14:40:00.727723+00:00
3,search_result_1_explorista,重疾险怎么选-Explorista,搜索结果页面可见帖子,note,https://www.xiaohongshu.com/search_result?keyword=重疾险怎么选,,0,0,0,0,explorista_user,Explorista,['重疾险'],重疾险怎么选,,2026-03-09 16:29:04.590476+00:00,2026-03-09 16:29:04.590476+00:00
4,sr_imm_1_肉丝,移民保险-肉丝的章鱼保,搜索结果可见帖子,note,https://www.xiaohongshu.com/search_result?keyword=移民保险,,0,0,0,0,user_rousi,肉丝的章鱼保🐙,['移民保险'],移民保险,,2026-03-09 16:31:28.614614+00:00,2026-03-09 16:31:28.614614+00:00
5,sr_imm_2_Silat,移民保险-Silat,搜索结果可见帖子,note,https://www.xiaohongshu.com/search_result?keyword=移民保险,,0,0,0,0,user_silat,Silat,['移民保险'],移民保险,,2026-03-09 16:31:30.797678+00:00,2026-03-09 16:31:30.797678+00:00
6,sr_imm_3_港圈 Alice,移民保险 - 港圈 Alice,搜索结果可见帖子,note,https://www.xiaohongshu.com/search_result?keyword=移民保险,,0,0,0,0,user_alice,港圈 Alice,['移民保险'],移民保险,,2026-03-09 16:31:32.691492+00:00,2026-03-09 16:31:32.691492+00:00
7,sr_med_1_诺米,医疗险推荐 - 诺米探险,搜索结果可见帖子,note,https://www.xiaohongshu.com/search_result?keyword=医疗险推荐,,0,0,0,0,user_nuomi,诺米探险,['医疗险'],医疗险推荐,,2026-03-09 16:50:48.324130+00:00,2026-03-09 16:50:48.324130+00:00
8,sr_med_2_zan,医疗险推荐-zanlaoliu,搜索结果可见帖子,note,https://www.xiaohongshu.com/search_result?keyword=医疗险推荐,,0,0,0,0,user_zan,zanlaoliu,['医疗险'],医疗险推荐,,2026-03-09 16:50:50.162891+00:00,2026-03-09 16:50:50.162891+00:00
9,sr_med_3_子先,医疗险推荐 - 子先保险指南,搜索结果可见帖子,note,https://www.xiaohongshu.com/search_result?keyword=医疗险推荐,,0,0,0,0,user_zixian,子先保险指南,['医疗险'],医疗险推荐,,2026-03-09 16:50:52.305786+00:00,2026-03-09 16:50:52.305786+00:00
10,sr_med_4_BXK,医疗险推荐-BXK2017,搜索结果可见帖子,note,https://www.xiaohongshu.com/search_result?keyword=医疗险推荐,,0,0,0,0,user_bxk,BXK2017,['医疗险'],医疗险推荐,,2026-03-09 16:50:54.260332+00:00,2026-03-09 16:50:54.260332+00:00
11,sr_save_1_Queena,储蓄险-Queena,搜索结果可见帖子,note,https://www.xiaohongshu.com/search_result?keyword=储蓄险,,0,0,0,0,user_queena,Queena,['储蓄险'],储蓄险,,2026-03-09 17:10:50.906697+00:00,2026-03-09 17:10:50.906697+00:00
12,sr_save_2_Andy,储蓄险-AndyWell,搜索结果可见帖子,note,https://www.xiaohongshu.com/search_result?keyword=储蓄险,,0,0,0,0,user_andy,AndyWell,['储蓄险'],储蓄险,,2026-03-09 17:10:52.831838+00:00,2026-03-09 17:10:52.831838+00:00
13,sr_save_3_挺好保,储蓄险 - 挺好保,搜索结果可见帖子,note,https://www.xiaohongshu.com/search_result?keyword=储蓄险,,0,0,0,0,user_tinghaobao,挺好保,['储蓄险'],储蓄险,,2026-03-09 17:10:54.068699+00:00,2026-03-09 17:10:54.068699+00:00
14,sr_save_4_momo,储蓄险-momo,搜索结果可见帖子,note,https://www.xiaohongshu.com/search_result?keyword=储蓄险,,0,0,0,0,user_momo,momo,['储蓄险'],储蓄险,,2026-03-09 17:10:55.331009+00:00,2026-03-09 17:10:55.331009+00:00
15,sr_wed_1_周冬雨,结婚买保险 - 卖保险的周冬雨,搜索结果可见帖子,note,https://www.xiaohongshu.com/search_result?keyword=结婚买保险,,0,0,0,0,user_zhou,卖保险的周冬雨,['结婚保险'],结婚买保险,,2026-03-09 17:30:45.254584+00:00,2026-03-09 17:30:45.254584+00:00
16,sr_wed_2_蚂蚁保,结婚买保险 - 蚂蚁保科普,搜索结果可见帖子,note,https://www.xiaohongshu.com/search_result?keyword=结婚买保险,,0,0,0,0,user_mayi,蚂蚁保科普,['结婚保险'],结婚买保险,,2026-03-09 17:30:46.923480+00:00,2026-03-09 17:30:46.923480+00:00
17,sr_wed_3_鱼蛋丸,结婚买保险 - 鱼蛋丸,搜索结果可见帖子,note,https://www.xiaohongshu.com/search_result?keyword=结婚买保险,,0,0,0,0,user_yudan,鱼蛋丸,['结婚保险'],结婚买保险,,2026-03-09 17:30:48.507137+00:00,2026-03-09 17:30:48.507137+00:00
18,sr_wed_4_琴琴,结婚买保险 - 琴琴谈规划,搜索结果可见帖子,note,https://www.xiaohongshu.com/search_result?keyword=结婚买保险,,0,0,0,0,user_qinqin,琴琴谈规划,['结婚保险'],结婚买保险,,2026-03-09 17:30:49.741209+00:00,2026-03-09 17:30:49.741209+00:00
19,sr_hk_2_Gloriiia,资产配置香港-Gloriiia 在港,搜索结果可见帖子,note,https://www.xiaohongshu.com/search_result?keyword=资产配置香港,,0,0,0,0,user_gloriiia,Gloriiia 在港,"['资产配置', '香港']",资产配置香港,,2026-03-09 17:50:57.489745+00:00,2026-03-09 17:50:57.489745+00:00
20,sr_hk_3_Ruby,资产配置香港-Ruby 港岛记,搜索结果可见帖子,note,https://www.xiaohongshu.com/search_result?keyword=资产配置香港,,0,0,0,0,user_ruby,Ruby 港岛记,"['资产配置', '香港']",资产配置香港,,2026-03-09 17:50:58.564119+00:00,2026-03-09 17:50:58.564119+00:00
21,sr_hk_4_小马哥,资产配置香港 - 香港佬小马哥,搜索结果可见帖子,note,https://www.xiaohongshu.com/search_result?keyword=资产配置香港,,0,0,0,0,user_xmg,香港佬小马哥,"['资产配置', '香港']",资产配置香港,,2026-03-09 17:50:59.614572+00:00,2026-03-09 17:50:59.614572+00:00
22,sr_old_1_Jason,养老规划-Jason 悦读,搜索结果可见帖子,note,https://www.xiaohongshu.com/search_result?keyword=养老规划,,0,0,0,0,user_jason,Jason 悦读,['养老规划'],养老规划,,2026-03-09 18:13:16.916537+00:00,2026-03-09 18:13:16.916537+00:00
23,sr_old_2_每日一图,养老规划 - 每日一图反内耗,搜索结果可见帖子,note,https://www.xiaohongshu.com/search_result?keyword=养老规划,,0,0,0,0,user_meiri,每日一图，反内耗,['养老规划'],养老规划,,2026-03-09 18:13:17.945900+00:00,2026-03-09 18:13:17.945900+00:00
24,sr_old_3_小圆姐,养老规划 - 小圆姐的图文笔记,搜索结果可见帖子,note,https://www.xiaohongshu.com/search_result?keyword=养老规划,,0,0,0,0,user_xiaoyuan,小圆姐的图文笔记,['养老规划'],养老规划,,2026-03-09 18:13:18.986715+00:00,2026-03-09 18:13:18.986715+00:00
25,sr_old_4_薛佳昕,养老规划 - 薛佳昕,搜索结果可见帖子,note,https://www.xiaohongshu.com/search_result?keyword=养老规划,,0,0,0,0,user_xue,薛佳昕,['养老规划'],养老规划,,2026-03-09 18:13:20.040500+00:00,2026-03-09 18:13:20.040500+00:00
26,sr_ask_1_小满,保险规划求助 - 小满,搜索结果可见帖子,note,https://www.xiaohongshu.com/search_result?keyword=保险规划求助,,0,0,0,0,user_xiaoman,小满,['保险规划'],保险规划求助,,2026-03-09 18:30:42.843530+00:00,2026-03-09 18:30:42.843530+00:00
27,sr_ask_2_红中,保险规划求助 - 想摸四个红中,搜索结果可见帖子,note,https://www.xiaohongshu.com/search_result?keyword=保险规划求助,,0,0,0,0,user_hongzhong,想摸四个红中,['保险规划'],保险规划求助,,2026-03-09 18:30:43.898860+00:00,2026-03-09 18:30:43.898860+00:00
28,sr_ask_3_一淇,保险规划求助 - 一淇向暖,搜索结果可见帖子,note,https://www.xiaohongshu.com/search_result?keyword=保险规划求助,,0,0,0,0,user_yiqi,一淇向暖,['保险规划'],保险规划求助,,2026-03-09 18:30:44.895356+00:00,2026-03-09 18:30:44.895356+00:00
29,sr_ask_4_退休,保险规划求助 - 再赚 430 万退休,搜索结果可见帖子,note,https://www.xiaohongshu.com/search_result?keyword=保险规划求助,,0,0,0,0,user_tuixiu,再赚 430 万退休,['保险规划'],保险规划求助,,2026-03-09 18:30:45.910494+00:00,2026-03-09 18:30:45.910494+00:00
30,sr_hkc_1_阳光,重疾险香港 - 阳光新视界保险圈,搜索结果可见帖子,note,https://www.xiaohongshu.com/search_result?keyword=重疾险香港,,0,0,0,0,user_yangguang,阳光新视界保险圈,"['重疾险', '香港']",重疾险香港,,2026-03-09 18:51:20.359688+00:00,2026-03-09 18:51:20.359688+00:00
31,sr_hkc_2_小刘,重疾险香港 - 香港小刘,搜索结果可见帖子,note,https://www.xiaohongshu.com/search_result?keyword=重疾险香港,,0,0,0,0,user_xl,香港小刘,"['重疾险', '香港']",重疾险香港,,2026-03-09 18:51:21.386813+00:00,2026-03-09 18:51:21.386813+00:00
32,sr_hkc_3_易点点,重疾险香港 - 易点点规划,搜索结果可见帖子,note,https://www.xiaohongshu.com/search_result?keyword=重疾险香港,,0,0,0,0,user_ydd,易点点规划,"['重疾险', '香港']",重疾险香港,,2026-03-09 18:51:22.454197+00:00,2026-03-09 18:51:22.454197+00:00
33,sr_hkc_4_吾保,重疾险香港 - 吾保咨询,搜索结果可见帖子,note,https://www.xiaohongshu.com/search_result?keyword=重疾险香港,,0,0,0,0,user_wubao,吾保咨询,"['重疾险', '香港']",重疾险香港,,2026-03-09 18:51:23.483847+00:00,2026-03-09 18:51:23.483847+00:00
34,sr_hki_1_Leo,香港保险-Leo 明,搜索结果可见帖子,note,https://www.xiaohongshu.com/search_result?keyword=香港保险,,0,0,0,0,user_leo,Leo 明,['香港保险'],香港保险,,2026-03-09 19:10:51.311888+00:00,2026-03-09 19:10:51.311888+00:00
35,sr_hki_2_Mars,香港保险 - 香港客源救星 Mars,搜索结果可见帖子,note,https://www.xiaohongshu.com/search_result?keyword=香港保险,,0,0,0,0,user_mars,香港客源救星Mars💫,['香港保险'],香港保险,,2026-03-09 19:10:52.355692+00:00,2026-03-09 19:10:52.355692+00:00
36,sr_hki_3_保老师,香港保险 - 香港保老师,搜索结果可见帖子,note,https://www.xiaohongshu.com/search_result?keyword=香港保险,,0,0,0,0,user_baolaoshi,香港保老师,['香港保险'],香港保险,,2026-03-09 19:10:53.397638+00:00,2026-03-09 19:10:53.397638+00:00
37,sr_hki_4_键盘,香港保险 - 撸羊毛的键盘党,搜索结果可见帖子,note,https://www.xiaohongshu.com/search_result?keyword=香港保险,,0,0,0,0,user_jianpan,撸羊毛的键盘党,['香港保险'],香港保险,,2026-03-09 19:10:54.428611+00:00,2026-03-09 19:10:54.428611+00:00
38,sr_cr_1_Explorista,重疾险怎么选-Explorista,搜索结果可见帖子,note,https://www.xiaohongshu.com/search_result?keyword=重疾险怎么选,,0,0,0,0,user_explorista,Explorista,['重疾险'],重疾险怎么选,,2026-03-09 19:30:38.743723+00:00,2026-03-09 19:30:38.743723+00:00
39,sr_cr_2_阳光,重疾险怎么选 - 阳光新视界保险圈,搜索结果可见帖子,note,https://www.xiaohongshu.com/search_result?keyword=重疾险怎么选,,0,0,0,0,user_yangguang,阳光新视界保险圈,['重疾险'],重疾险怎么选,,2026-03-09 19:30:39.757305+00:00,2026-03-09 19:30:39.757305+00:00
40,sr_cr_3_七月,重疾险怎么选 - 七月明亚,搜索结果可见帖子,note,https://www.xiaohongshu.com/search_result?keyword=重疾险怎么选,,0,0,0,0,user_qiyue,七月明亚,['重疾险'],重疾险怎么选,,2026-03-09 19:30:40.794661+00:00,2026-03-09 19:30:40.794661+00:00
41,sr_cr_4_猫猫,重疾险怎么选 - 猫猫崽,搜索结果可见帖子,note,https://www.xiaohongshu.com/search_result?keyword=重疾险怎么选,,0,0,0,0,user_maomao,猫猫崽,['重疾险'],重疾险怎么选,,2026-03-09 19:30:41.833158+00:00,2026-03-09 19:30:41.833158+00:00
42,sr_imm2_1_Alice,移民保险 - 港圈 Alice,搜索结果可见帖子,note,https://www.xiaohongshu.com/search_result?keyword=移民保险,,0,0,0,0,user_alice2,港圈 Alice,['移民保险'],移民保险,,2026-03-09 19:51:07.023680+00:00,2026-03-09 19:51:07.023680+00:00
43,sr_imm2_2_Zona,移民保险-Zona 移民,搜索结果可见帖子,note,https://www.xiaohongshu.com/search_result?keyword=移民保险,,0,0,0,0,user_zona,Zona 移民,['移民保险'],移民保险,,2026-03-09 19:51:08.071044+00:00,2026-03-09 19:51:08.071044+00:00
44,sr_imm2_3_Amanda,移民保险-Amanda,搜索结果可见帖子,note,https://www.xiaohongshu.com/search_result?keyword=移民保险,,0,0,0,0,user_amanda,Amanda,['移民保险'],移民保险,,2026-03-09 19:51:09.096329+00:00,2026-03-09 19:51:09.096329+00:00
45,sr_imm2_4_Luko,移民保险-Luko,搜索结果可见帖子,note,https://www.xiaohongshu.com/search_result?keyword=移民保险,,0,0,0,0,user_luko,Luko,['移民保险'],移民保险,,2026-03-09 19:51:10.112362+00:00,2026-03-09 19:51:10.112362+00:00
46,sr_med2_1_盖保保,医疗险推荐 - 盖保保聊保险,搜索结果可见帖子,note,https://www.xiaohongshu.com/search_result?keyword=医疗险推荐,,0,0,0,0,user_gaibao,盖保保聊保险,['医疗险'],医疗险推荐,,2026-03-09 20:10:45.616907+00:00,2026-03-09 20:10:45.616907+00:00
47,sr_med2_2_随影,医疗险推荐 - 随影,搜索结果可见帖子,note,https://www.xiaohongshu.com/search_result?keyword=医疗险推荐,,0,0,0,0,user_suiying,随影,['医疗险'],医疗险推荐,,2026-03-09 20:10:46.647563+00:00,2026-03-09 20:10:46.647563+00:00
48,sr_med2_3_专心,医疗险推荐 - 专心保险科普,搜索结果可见帖子,note,https://www.xiaohongshu.com/search_result?keyword=医疗险推荐,,0,0,0,0,user_zhuanxin,专心保险科普,['医疗险'],医疗险推荐,,2026-03-09 20:10:47.671598+00:00,2026-03-09 20:10:47.671598+00:00
49,sr_med2_4_zan,医疗险推荐-zanlaoliu,搜索结果可见帖子,note,https://www.xiaohongshu.com/search_result?keyword=医疗险推荐,,0,0,0,0,user_zan,zanlaoliu,['医疗险'],医疗险推荐,,2026-03-09 20:10:48.728247+00:00,2026-03-09 20:10:48.728247+00:00
50,sr_save2_1_语诚,储蓄险 - 语诚保险规划和康,搜索结果可见帖子,note,https://www.xiaohongshu.com/search_result?keyword=储蓄险,,0,0,0,0,user_yucheng,语诚保险规划 丨 和康,['储蓄险'],储蓄险,,2026-03-09 20:30:43.877305+00:00,2026-03-09 20:30:43.877305+00:00
51,sr_save2_2_momo,储蓄险-momo,搜索结果可见帖子,note,https://www.xiaohongshu.com/search_result?keyword=储蓄险,,0,0,0,0,user_momo2,momo,['储蓄险'],储蓄险,,2026-03-09 20:30:44.918895+00:00,2026-03-09 20:30:44.918895+00:00
52,sr_save2_3_Andy,储蓄险-AndyWell,搜索结果可见帖子,note,https://www.xiaohongshu.com/search_result?keyword=储蓄险,,0,0,0,0,user_andy2,AndyWell,['储蓄险'],储蓄险,,2026-03-09 20:30:45.937396+00:00,2026-03-09 20:30:45.937396+00:00
53,sr_save2_4_半撇,储蓄险 - 半撇有财,搜索结果可见帖子,note,https://www.xiaohongshu.com/search_result?keyword=储蓄险,,0,0,0,0,user_banpie,半撇有财,['储蓄险'],储蓄险,,2026-03-09 20:30:46.943619+00:00,2026-03-09 20:30:46.943619+00:00
54,sr_wed2_1_马大姐,结婚买保险 - 靠谱的马大姐,搜索结果可见帖子,note,https://www.xiaohongshu.com/search_result?keyword=结婚买保险,,0,0,0,0,user_mjd,靠谱的马大姐,['结婚保险'],结婚买保险,,2026-03-09 20:50:41.227257+00:00,2026-03-09 20:50:41.227257+00:00
55,sr_wed2_2_周冬雨,结婚买保险 - 卖保险的周冬雨,搜索结果可见帖子,note,https://www.xiaohongshu.com/search_result?keyword=结婚买保险,,0,0,0,0,user_zhou,卖保险的周冬雨,['结婚保险'],结婚买保险,,2026-03-09 20:50:42.256458+00:00,2026-03-09 20:50:42.256458+00:00
56,sr_wed2_3_琴琴,结婚买保险 - 琴琴谈规划,搜索结果可见帖子,note,https://www.xiaohongshu.com/search_result?keyword=结婚买保险,,0,0,0,0,user_qinqin,琴琴谈规划,['结婚保险'],结婚买保险,,2026-03-09 20:50:43.286588+00:00,2026-03-09 20:50:43.286588+00:00
57,sr_wed2_4_鱼蛋,结婚买保险 - 鱼蛋丸,搜索结果可见帖子,note,https://www.xiaohongshu.com/search_result?keyword=结婚买保险,,0,0,0,0,user_yudan2,鱼蛋丸,['结婚保险'],结婚买保险,,2026-03-09 20:50:44.334201+00:00,2026-03-09 20:50:44.334201+00:00
58,sr_hk2_2_小白鸭,资产配置香港 - 好想退休的小白鸭,搜索结果可见帖子,note,https://www.xiaohongshu.com/search_result?keyword=资产配置香港,,0,0,0,0,user_xby,好想退休的小白鸭,"['资产配置', '香港']",资产配置香港,,2026-03-09 21:12:02.290106+00:00,2026-03-09 21:12:02.290106+00:00
59,sr_hk2_3_阿阳,资产配置香港-Yida 阿阳,搜索结果可见帖子,note,https://www.xiaohongshu.com/search_result?keyword=资产配置香港,,0,0,0,0,user_yang2,Yida 阿阳爱攒钱,"['资产配置', '香港']",资产配置香港,,2026-03-09 21:12:03.295932+00:00,2026-03-09 21:12:03.295932+00:00
60,sr_hk2_4_路飞,资产配置香港 - 香港路飞 Alex,搜索结果可见帖子,note,https://www.xiaohongshu.com/search_result?keyword=资产配置香港,,0,0,0,0,user_lufei,香港路飞 Alex,"['资产配置', '香港']",资产配置香港,,2026-03-09 21:12:04.343142+00:00,2026-03-09 21:12:04.343142+00:00
61,sr_hk2_1_Alpha,资产配置香港-Alpha,搜索结果可见帖子,note,https://www.xiaohongshu.com/search_result?keyword=资产配置香港,,0,0,0,0,user_alpha2,Alpha,"['资产配置', '香港']",资产配置香港,,2026-03-09 21:12:26.614946+00:00,2026-03-09 21:12:26.614946+00:00
62,sr_old2_1_好奇心,养老规划 - 好奇心 lume,搜索结果可见帖子,note,https://www.xiaohongshu.com/search_result?keyword=养老规划,,0,0,0,0,user_hqx,好奇心 lume,['养老规划'],养老规划,,2026-03-09 21:31:40.371558+00:00,2026-03-09 21:31:40.371558+00:00
63,sr_old2_2_冰语,养老规划 - 冰语良言,搜索结果可见帖子,note,https://www.xiaohongshu.com/search_result?keyword=养老规划,,0,0,0,0,user_bingyu,冰语良言,['养老规划'],养老规划,,2026-03-09 21:31:41.401490+00:00,2026-03-09 21:31:41.401490+00:00
64,sr_old2_3_小保,养老规划 - 小保同学,搜索结果可见帖子,note,https://www.xiaohongshu.com/search_result?keyword=养老规划,,0,0,0,0,user_xiaobao,小保同学,['养老规划'],养老规划,,2026-03-09 21:31:42.458641+00:00,2026-03-09 21:31:42.458641+00:00
65,sr_old2_4_薛佳昕,养老规划 - 薛佳昕,搜索结果可见帖子,note,https://www.xiaohongshu.com/search_result?keyword=养老规划,,0,0,0,0,user_xue,薛佳昕,['养老规划'],养老规划,,2026-03-09 21:31:43.465264+00:00,2026-03-09 21:31:43.465264+00:00
66,sr_ask2_1_小满,保险规划求助 - 小满,搜索结果可见帖子,note,https://www.xiaohongshu.com/search_result?keyword=保险规划求助,,0,0,0,0,user_xiaoman2,小满,['保险规划'],保险规划求助,,2026-03-09 21:51:33.260346+00:00,2026-03-09 21:51:33.260346+00:00
67,sr_ask2_2_红中,保险规划求助 - 想摸四个红中,搜索结果可见帖子,note,https://www.xiaohongshu.com/search_result?keyword=保险规划求助,,0,0,0,0,user_hongzhong2,想摸四个红中,['保险规划'],保险规划求助,,2026-03-09 21:51:34.320125+00:00,2026-03-09 21:51:34.320125+00:00
68,sr_ask2_3_一淇,保险规划求助 - 一淇向暖,搜索结果可见帖子,note,https://www.xiaohongshu.com/search_result?keyword=保险规划求助,,0,0,0,0,user_yiqi2,一淇向暖,['保险规划'],保险规划求助,,2026-03-09 21:51:35.389860+00:00,2026-03-09 21:51:35.389860+00:00
69,sr_ask2_4_威而,保险规划求助 - 威而不怒,搜索结果可见帖子,note,https://www.xiaohongshu.com/search_result?keyword=保险规划求助,,0,0,0,0,user_weiernu,威而不怒,['保险规划'],保险规划求助,,2026-03-09 21:51:36.419306+00:00,2026-03-09 21:51:36.419306+00:00
70,sr_hkc2_1_阳光,重疾险香港 - 阳光新视界保险圈,搜索结果可见帖子,note,https://www.xiaohongshu.com/search_result?keyword=重疾险香港,,0,0,0,0,user_yangguang2,阳光新视界保险圈,"['重疾险', '香港']",重疾险香港,,2026-03-09 22:12:17.883041+00:00,2026-03-09 22:12:17.883041+00:00
71,sr_hkc2_2_小刘,重疾险香港 - 香港小刘,搜索结果可见帖子,note,https://www.xiaohongshu.com/search_result?keyword=重疾险香港,,0,0,0,0,user_xl2,香港小刘,"['重疾险', '香港']",重疾险香港,,2026-03-09 22:12:18.944111+00:00,2026-03-09 22:12:18.944111+00:00
72,sr_hkc2_3_艾薇儿,重疾险香港 - 资深港漂艾薇儿,搜索结果可见帖子,note,https://www.xiaohongshu.com/search_result?keyword=重疾险香港,,0,0,0,0,user_awe,资深港漂艾薇儿,"['重疾险', '香港']",重疾险香港,,2026-03-09 22:12:19.951963+00:00,2026-03-09 22:12:19.951963+00:00
73,sr_hkc2_4_Lemon,重疾险香港-Lemon 是只柠檬精,搜索结果可见帖子,note,https://www.xiaohongshu.com/search_result?keyword=重疾险香港,,0,0,0,0,user_lemon,Lemon 是只柠檬精,"['重疾险', '香港']",重疾险香港,,2026-03-09 22:12:20.979244+00:00,2026-03-09 22:12:20.979244+00:00
74,sr_hki2_1_嘉芙,香港保险 - 嘉芙在香港,搜索结果可见帖子,note,https://www.xiaohongshu.com/search_result?keyword=香港保险,,0,0,0,0,user_jiafu,嘉芙在香港,['香港保险'],香港保险,,2026-03-09 22:31:27.106709+00:00,2026-03-09 22:31:27.106709+00:00
75,sr_hki2_2_Leo,香港保险-Leo 明,搜索结果可见帖子,note,https://www.xiaohongshu.com/search_result?keyword=香港保险,,0,0,0,0,user_leo2,Leo 明,['香港保险'],香港保险,,2026-03-09 22:31:28.121677+00:00,2026-03-09 22:31:28.121677+00:00
76,sr_hki2_3_Mars,香港保险 - 香港客源救星 Mars,搜索结果可见帖子,note,https://www.xiaohongshu.com/search_result?keyword=香港保险,,0,0,0,0,user_mars2,香港客源救星Mars💫,['香港保险'],香港保险,,2026-03-09 22:31:29.133480+00:00,2026-03-09 22:31:29.133480+00:00
77,sr_hki2_4_键盘,香港保险 - 撸羊毛的键盘党,搜索结果可见帖子,note,https://www.xiaohongshu.com/search_result?keyword=香港保险,,0,0,0,0,user_jianpan2,撸羊毛的键盘党,['香港保险'],香港保险,,2026-03-09 22:31:30.193226+00:00,2026-03-09 22:31:30.193226+00:00
78,sr_cr2_1_Explorista,重疾险怎么选-Explorista,搜索结果可见帖子,note,https://www.xiaohongshu.com/search_result?keyword=重疾险怎么选,,0,0,0,0,user_explorista2,Explorista,['重疾险'],重疾险怎么选,,2026-03-09 22:51:37.811802+00:00,2026-03-09 22:51:37.811802+00:00
79,sr_cr2_2_阳光,重疾险怎么选 - 阳光新视界保险圈,搜索结果可见帖子,note,https://www.xiaohongshu.com/search_result?keyword=重疾险怎么选,,0,0,0,0,user_yangguang3,阳光新视界保险圈,['重疾险'],重疾险怎么选,,2026-03-09 22:51:38.772699+00:00,2026-03-09 22:51:38.772699+00:00
80,sr_cr2_3_猫猫,重疾险怎么选 - 猫猫崽,搜索结果可见帖子,note,https://www.xiaohongshu.com/search_result?keyword=重疾险怎么选,,0,0,0,0,user_maomao2,猫猫崽,['重疾险'],重疾险怎么选,,2026-03-09 22:51:39.806891+00:00,2026-03-09 22:51:39.806891+00:00
81,sr_cr2_4_Sunny,重疾险怎么选-Sunny 的晨光漫语,搜索结果可见帖子,note,https://www.xiaohongshu.com/search_result?keyword=重疾险怎么选,,0,0,0,0,user_sunny,Sunny 的晨光漫语,['重疾险'],重疾险怎么选,,2026-03-09 22:51:40.861129+00:00,2026-03-09 22:51:40.861129+00:00
82,sr_imm3_1_Silat,移民保险-Silat,搜索结果可见帖子,note,https://www.xiaohongshu.com/search_result?keyword=移民保险,,0,0,0,0,user_silat2,Silat,['移民保险'],移民保险,,2026-03-09 23:11:53.763461+00:00,2026-03-09 23:11:53.763461+00:00
83,sr_imm3_2_Luko,移民保险-Luko,搜索结果可见帖子,note,https://www.xiaohongshu.com/search_result?keyword=移民保险,,0,0,0,0,user_luko2,Luko,['移民保险'],移民保险,,2026-03-09 23:11:54.823605+00:00,2026-03-09 23:11:54.823605+00:00
84,sr_imm3_3_花总,移民保险 - 花总 Jasmine,搜索结果可见帖子,note,https://www.xiaohongshu.com/search_result?keyword=移民保险,,0,0,0,0,user_huazong,花总 Jasmine,['移民保险'],移民保险,,2026-03-09 23:11:55.835047+00:00,2026-03-09 23:11:55.835047+00:00
85,sr_imm3_4_嘻嘻,移民保险 - 嘻嘻环球旅行日记,搜索结果可见帖子,note,https://www.xiaohongshu.com/search_result?keyword=移民保险,,0,0,0,0,user_xixi,嘻嘻😁环球旅行日记,['移民保险'],移民保险,,2026-03-09 23:11:56.868295+00:00,2026-03-09 23:11:56.868295+00:00
86,sr_med3_1_麦伦,医疗险推荐 - 麦伦说保险,搜索结果可见帖子,note,https://www.xiaohongshu.com/search_result?keyword=医疗险推荐,,0,0,0,0,user_mailun,麦伦说保险,['医疗险'],医疗险推荐,,2026-03-09 23:32:40.613804+00:00,2026-03-09 23:32:40.613804+00:00
87,sr_med3_2_zan,医疗险推荐-zanlaoliu,搜索结果可见帖子,note,https://www.xiaohongshu.com/search_result?keyword=医疗险推荐,,0,0,0,0,user_zan2,zanlaoliu,['医疗险'],医疗险推荐,,2026-03-09 23:32:41.653928+00:00,2026-03-09 23:32:41.653928+00:00
88,sr_med3_3_子先,医疗险推荐 - 子先保险指南,搜索结果可见帖子,note,https://www.xiaohongshu.com/search_result?keyword=医疗险推荐,,0,0,0,0,user_zixian2,子先保险指南,['医疗险'],医疗险推荐,,2026-03-09 23:32:42.685904+00:00,2026-03-09 23:32:42.685904+00:00
89,sr_med3_4_BXK,医疗险推荐-BXK2017,搜索结果可见帖子,note,https://www.xiaohongshu.com/search_result?keyword=医疗险推荐,,0,0,0,0,user_bxk2,BXK2017,['医疗险'],医疗险推荐,,2026-03-09 23:32:43.689068+00:00,2026-03-09 23:32:43.689068+00:00
90,sr_save3_1_momo,储蓄险-momo,搜索结果可见帖子,note,https://www.xiaohongshu.com/search_result?keyword=储蓄险,,0,0,0,0,user_momo3,momo,['储蓄险'],储蓄险,,2026-03-09 23:51:42.619268+00:00,2026-03-09 23:51:42.619268+00:00
91,sr_save3_2_语诚,储蓄险 - 语诚保险规划和康,搜索结果可见帖子,note,https://www.xiaohongshu.com/search_result?keyword=储蓄险,,0,0,0,0,user_yucheng2,语诚保险规划 丨 和康,['储蓄险'],储蓄险,,2026-03-09 23:51:43.676106+00:00,2026-03-09 23:51:43.676106+00:00
92,sr_save3_3_挺好,储蓄险 - 挺好保,搜索结果可见帖子,note,https://www.xiaohongshu.com/search_result?keyword=储蓄险,,0,0,0,0,user_tinghaobao2,挺好保,['储蓄险'],储蓄险,,2026-03-09 23:51:44.721181+00:00,2026-03-09 23:51:44.721181+00:00
93,sr_save3_4_港雷,储蓄险 - 港雷港,搜索结果可见帖子,note,https://www.xiaohongshu.com/search_result?keyword=储蓄险,,0,0,0,0,user_ganglei,港雷港,['储蓄险'],储蓄险,,2026-03-09 23:51:45.799006+00:00,2026-03-09 23:51:45.799006+00:00
94,sr_wed3_1_马大姐,结婚买保险 - 靠谱的马大姐,搜索结果可见帖子,note,https://www.xiaohongshu.com/search_result?keyword=结婚买保险,,0,0,0,0,user_mjd2,靠谱的马大姐,['结婚保险'],结婚买保险,,2026-03-10 00:11:37.001834+00:00,2026-03-10 00:11:37.001834+00:00
95,sr_wed3_2_买对,结婚买保险 - 买对赔好小管家,搜索结果可见帖子,note,https://www.xiaohongshu.com/search_result?keyword=结婚买保险,,0,0,0,0,user_maidui,买对赔好小管家,['结婚保险'],结婚买保险,,2026-03-10 00:11:38.245591+00:00,2026-03-10 00:11:38.245591+00:00
96,sr_wed3_3_Jesse,结婚买保险-Jesse Talks,搜索结果可见帖子,note,https://www.xiaohongshu.com/search_result?keyword=结婚买保险,,0,0,0,0,user_jesse,Jesse Talks,['结婚保险'],结婚买保险,,2026-03-10 00:11:39.495972+00:00,2026-03-10 00:11:39.495972+00:00
97,sr_wed3_4_抱猪,结婚买保险 - 抱猪有知识,搜索结果可见帖子,note,https://www.xiaohongshu.com/search_result?keyword=结婚买保险,,0,0,0,0,user_baozhu,抱猪有知识,['结婚保险'],结婚买保险,,2026-03-10 00:11:40.751275+00:00,2026-03-10 00:11:40.751275+00:00
98,sr_hk3_1_Alpha,资产配置香港-Alpha,COMMENT_BLOCKED:无法进入评论区读取评论,note,https://www.xiaohongshu.com/search_result?keyword=资产配置香港,,0,0,0,0,user_alpha3,Alpha,['资产配置，香港'],资产配置香港,,2026-03-10 00:18:36.018657+00:00,2026-03-10 00:18:36.018657+00:00
99,sr_hk3_2_Ruby,资产配置香港-Ruby 港岛记,COMMENT_BLOCKED:无法进入评论区读取评论,note,https://www.xiaohongshu.com/search_result?keyword=资产配置香港,,0,0,0,0,user_ruby2,Ruby 港岛记,['资产配置，香港'],资产配置香港,,2026-03-10 00:20:07.440971+00:00,2026-03-10 00:20:07.440971+00:00
100,sr_hk3_3_Gloriiia,资产配置香港-Gloriiia 在港,COMMENT_BLOCKED:无法进入评论区读取评论,note,https://www.xiaohongshu.com/search_result?keyword=资产配置香港,,0,0,0,0,user_gloriiia2,Gloriiia 在港,['资产配置，香港'],资产配置香港,,2026-03-10 00:20:08.678800+00:00,2026-03-10 00:20:08.678800+00:00
101,sr_hk3_4_Aaron,资产配置香港-Aaron 大 D,COMMENT_BLOCKED:无法进入评论区读取评论,note,https://www.xiaohongshu.com/search_result?keyword=资产配置香港,,0,0,0,0,user_aaron,Aaron 大 D,['资产配置，香港'],资产配置香港,,2026-03-10 00:20:09.883542+00:00,2026-03-10 00:20:09.883542+00:00
102,sr_old3_1_小圆,养老规划 - 小圆姐的图文笔记,COMMENT_BLOCKED:无法进入评论区读取评论,note,https://www.xiaohongshu.com/search_result?keyword=养老规划,,0,0,0,0,user_xiaoyuan2,小圆姐的图文笔记,['养老规划'],养老规划,,2026-03-10 00:33:47.663604+00:00,2026-03-10 00:33:47.663604+00:00
103,sr_old3_2_吴总,养老规划 - 吴总港风升级日记,COMMENT_BLOCKED:无法进入评论区读取评论,note,https://www.xiaohongshu.com/search_result?keyword=养老规划,,0,0,0,0,user_wuzong,吴总港风升级日记,['养老规划'],养老规划,,2026-03-10 00:35:17.778058+00:00,2026-03-10 00:35:17.778058+00:00
104,sr_old3_3_薛佳昕,养老规划 - 薛佳昕,COMMENT_BLOCKED:无法进入评论区读取评论,note,https://www.xiaohongshu.com/search_result?keyword=养老规划,,0,0,0,0,user_xue2,薛佳昕,['养老规划'],养老规划,,2026-03-10 00:35:18.897339+00:00,2026-03-10 00:35:18.897339+00:00
105,sr_old3_4_冰语,养老规划 - 冰语良言,COMMENT_BLOCKED:无法进入评论区读取评论,note,https://www.xiaohongshu.com/search_result?keyword=养老规划,,0,0,0,0,user_bingyu2,冰语良言,['养老规划'],养老规划,,2026-03-10 00:35:20.018088+00:00,2026-03-10 00:35:20.018088+00:00
106,sr_ask3_1_小满,保险规划求助 - 小满,COMMENT_BLOCKED:截图驱动链路全部走完仍无法进入评论区,note,https://www.xiaohongshu.com/search_result?keyword=保险规划求助,,0,0,0,0,user_xiaoman3,小满,['保险规划'],保险规划求助,,2026-03-10 00:57:43.739764+00:00,2026-03-10 00:57:43.739764+00:00
107,sr_ask3_2_红中,保险规划求助 - 想摸四个红中,COMMENT_BLOCKED:截图驱动链路全部走完仍无法进入评论区,note,https://www.xiaohongshu.com/search_result?keyword=保险规划求助,,0,0,0,0,user_hongzhong3,想摸四个红中,['保险规划'],保险规划求助,,2026-03-10 00:57:45.170468+00:00,2026-03-10 00:57:45.170468+00:00
108,sr_ask3_3_一淇,保险规划求助 - 一淇向暖,COMMENT_BLOCKED:截图驱动链路全部走完仍无法进入评论区,note,https://www.xiaohongshu.com/search_result?keyword=保险规划求助,,0,0,0,0,user_yiqi3,一淇向暖,['保险规划'],保险规划求助,,2026-03-10 00:57:46.674752+00:00,2026-03-10 00:57:46.674752+00:00
109,sr_ask3_4_深夜,保险规划求助-MrKC 深夜学堂,COMMENT_BLOCKED:截图驱动链路全部走完仍无法进入评论区,note,https://www.xiaohongshu.com/search_result?keyword=保险规划求助,,0,0,0,0,user_mrkc,MrKC 深夜学堂,['保险规划'],保险规划求助,,2026-03-10 00:57:48.060845+00:00,2026-03-10 00:57:48.060845+00:00
110,sr_hkc3_1_阳光,重疾险香港 - 阳光新视界保险圈,COMMENT_BLOCKED:增强回退链路 5 步全部走完仍无法进入评论区,note,https://www.xiaohongshu.com/search_result?keyword=重疾险香港,,0,0,0,0,user_yangguang4,阳光新视界保险圈,['重疾险，香港'],重疾险香港,,2026-03-10 02:29:38.060387+00:00,2026-03-10 02:29:38.060387+00:00
111,sr_hkc3_2_香港小刘,重疾险香港 - 香港小刘,COMMENT_BLOCKED:增强回退链路 5 步全部走完仍无法进入评论区,note,https://www.xiaohongshu.com/search_result?keyword=重疾险香港,,0,0,0,0,user_xl3,香港小刘,['重疾险，香港'],重疾险香港,,2026-03-10 03:10:02.904738+00:00,2026-03-10 03:10:02.904738+00:00
112,sr_hkc3_3_小 Ning,重疾险香港 - 小 Ning 在香港,COMMENT_BLOCKED:增强回退链路 5 步全部走完仍无法进入评论区,note,https://www.xiaohongshu.com/search_result?keyword=重疾险香港,,0,0,0,0,user_xiaoning,小 Ning 在香港,['重疾险，香港'],重疾险香港,,2026-03-10 03:10:04.057323+00:00,2026-03-10 03:10:04.057323+00:00
113,sr_hkc3_4_鸽老师,重疾险香港 - 鸽老师,COMMENT_BLOCKED:增强回退链路 5 步全部走完仍无法进入评论区,note,https://www.xiaohongshu.com/search_result?keyword=重疾险香港,,0,0,0,0,user_gelaoshi,鸽老师,['重疾险，香港'],重疾险香港,,2026-03-10 03:10:05.159104+00:00,2026-03-10 03:10:05.159104+00:00
114,sr_hki3_1_Keith,香港保险 - Keith Cheng 郑嘉杰,COMMENT_BLOCKED:增强回退链路执行失败，无法进入评论区,note,https://www.xiaohongshu.com/search_result?keyword=香港保险,,0,0,0,0,user_keith,Keith Cheng 郑嘉杰,['香港保险'],香港保险,,2026-03-10 03:35:58.146854+00:00,2026-03-10 03:35:58.146854+00:00
115,sr_hki3_2_嘉芙,香港保险 - 嘉芙在香港,COMMENT_BLOCKED:增强回退链路执行失败，无法进入评论区,note,https://www.xiaohongshu.com/search_result?keyword=香港保险,,0,0,0,0,user_jiafu2,嘉芙在香港,['香港保险'],香港保险,,2026-03-10 03:35:59.477815+00:00,2026-03-10 03:35:59.477815+00:00
116,sr_hki3_3_Mars,香港保险 - 香港客源救星Mars,COMMENT_BLOCKED:增强回退链路执行失败，无法进入评论区,note,https://www.xiaohongshu.com/search_result?keyword=香港保险,,0,0,0,0,user_mars3,香港客源救星Mars💫,['香港保险'],香港保险,,2026-03-10 03:36:00.640861+00:00,2026-03-10 03:36:00.640861+00:00
117,sr_hki3_4_柱子,香港保险 - 柱子叔,COMMENT_BLOCKED:增强回退链路执行失败，无法进入评论区,note,https://www.xiaohongshu.com/search_result?keyword=香港保险,,0,0,0,0,user_zhuzi,柱子叔,['香港保险'],香港保险,,2026-03-10 03:36:01.811349+00:00,2026-03-10 03:36:01.811349+00:00
118,sr_cr3_1_momo,重疾险怎么选 - momo,COMMENT_BLOCKED:增强回退链路执行失败，无法进入评论区,note,https://www.xiaohongshu.com/search_result?keyword=重疾险怎么选,,0,0,0,0,user_momo4,momo,['重疾险'],重疾险怎么选,,2026-03-10 03:39:40.144070+00:00,2026-03-10 03:39:40.144070+00:00
119,sr_cr3_2_Explorista,重疾险怎么选 - Explorista,COMMENT_BLOCKED:增强回退链路执行失败，无法进入评论区,note,https://www.xiaohongshu.com/search_result?keyword=重疾险怎么选,,0,0,0,0,user_explorista3,Explorista,['重疾险'],重疾险怎么选,,2026-03-10 03:39:41.525173+00:00,2026-03-10 03:39:41.525173+00:00
120,sr_cr3_3_猫猫,重疾险怎么选 - 猫猫崽,COMMENT_BLOCKED:增强回退链路执行失败，无法进入评论区,note,https://www.xiaohongshu.com/search_result?keyword=重疾险怎么选,,0,0,0,0,user_maomao3,猫猫崽,['重疾险'],重疾险怎么选,,2026-03-10 03:39:42.778728+00:00,2026-03-10 03:39:42.778728+00:00
121,sr_cr3_4_Sunny,重疾险怎么选-Sunny 的晨光漫语,COMMENT_BLOCKED:增强回退链路执行失败，无法进入评论区,note,https://www.xiaohongshu.com/search_result?keyword=重疾险怎么选,,0,0,0,0,user_sunny2,Sunny 的晨光漫语,['重疾险'],重疾险怎么选,,2026-03-10 03:39:44.200487+00:00,2026-03-10 03:39:44.200487+00:00
122,sr_imm4_1_Ritta,移民保险 - Ritta 的美国税税念,COMMENT_BLOCKED:增强回退链路执行失败，无法进入评论区,note,https://www.xiaohongshu.com/search_result?keyword=移民保险,,0,0,0,0,user_ritta,Ritta 的美国税税念,['移民保险'],移民保险,,2026-03-10 03:52:26.485228+00:00,2026-03-10 03:52:26.485228+00:00
123,sr_imm4_2_杰西卡,移民保险 - 杰西卡在美国,COMMENT_BLOCKED:增强回退链路执行失败，无法进入评论区,note,https://www.xiaohongshu.com/search_result?keyword=移民保险,,0,0,0,0,user_jessica,杰西卡在美国,['移民保险'],移民保险,,2026-03-10 03:52:27.564953+00:00,2026-03-10 03:52:27.564953+00:00
124,sr_imm4_3_Sam,移民保险 - Sam 哥 in HK,COMMENT_BLOCKED:增强回退链路执行失败，无法进入评论区,note,https://www.xiaohongshu.com/search_result?keyword=移民保险,,0,0,0,0,user_sam,Sam 哥 in HK,['移民保险'],移民保险,,2026-03-10 03:52:28.649242+00:00,2026-03-10 03:52:28.649242+00:00
125,sr_imm4_4_Kiki,移民保险 - Kiki 理财日帐,COMMENT_BLOCKED:增强回退链路执行失败，无法进入评论区,note,https://www.xiaohongshu.com/search_result?keyword=移民保险,,0,0,0,0,user_kiki,Kiki 理财日帐,['移民保险'],移民保险,,2026-03-10 03:52:29.723049+00:00,2026-03-10 03:52:29.723049+00:00
126,sr_med4_1_保险一点,医疗险推荐 - 保险🙃一点,COMMENT_BLOCKED:增强回退链路执行失败，无法进入评论区,note,https://www.xiaohongshu.com/search_result?keyword=医疗险推荐,,0,0,0,0,user_baoxian,保险🙃一点,['医疗险'],医疗险推荐,,2026-03-10 04:13:56.720694+00:00,2026-03-10 04:13:56.720694+00:00
127,sr_med4_2_专心,医疗险推荐 - 专心保险科普,COMMENT_BLOCKED:增强回退链路执行失败，无法进入评论区,note,https://www.xiaohongshu.com/search_result?keyword=医疗险推荐,,0,0,0,0,user_zhuanxin2,专心保险科普,['医疗险'],医疗险推荐,,2026-03-10 04:13:57.817346+00:00,2026-03-10 04:13:57.817346+00:00
128,sr_med4_3_zan,医疗险推荐-zanlaoliu,COMMENT_BLOCKED:增强回退链路执行失败，无法进入评论区,note,https://www.xiaohongshu.com/search_result?keyword=医疗险推荐,,0,0,0,0,user_zan3,zanlaoliu,['医疗险'],医疗险推荐,,2026-03-10 04:13:58.938278+00:00,2026-03-10 04:13:58.938278+00:00
129,sr_med4_4_原原,医疗险推荐 - 原原保险规划,COMMENT_BLOCKED:增强回退链路执行失败，无法进入评论区,note,https://www.xiaohongshu.com/search_result?keyword=医疗险推荐,,0,0,0,0,user_yuanyuan,原原保险规划,['医疗险'],医疗险推荐,,2026-03-10 04:14:00.068997+00:00,2026-03-10 04:14:00.068997+00:00
130,sr_save4_1_Mandy,储蓄险 - Mandy 财富圈,COMMENT_BLOCKED:增强回退链路执行失败，无法进入评论区,note,https://www.xiaohongshu.com/search_result?keyword=储蓄险,,0,0,0,0,user_mandy,Mandy 财富圈,['储蓄险'],储蓄险,,2026-03-10 04:32:41.643131+00:00,2026-03-10 04:32:41.643131+00:00
131,sr_save4_2_阿兹卡班,储蓄险 - 阿兹卡班的摄魂怪头头,COMMENT_BLOCKED:增强回退链路执行失败，无法进入评论区,note,https://www.xiaohongshu.com/search_result?keyword=储蓄险,,0,0,0,0,user_azkaban,阿兹卡班的摄魂怪头头,['储蓄险'],储蓄险,,2026-03-10 04:32:42.827813+00:00,2026-03-10 04:32:42.827813+00:00
132,sr_save4_3_新哥,储蓄险 - 新哥聊储蓄 CA,COMMENT_BLOCKED:增强回退链路执行失败，无法进入评论区,note,https://www.xiaohongshu.com/search_result?keyword=储蓄险,,0,0,0,0,user_xinge,新哥聊储蓄 CA,['储蓄险'],储蓄险,,2026-03-10 04:32:44.001990+00:00,2026-03-10 04:32:44.001990+00:00
133,sr_save4_4_Victor,储蓄险-Victor 博士的财富空间,COMMENT_BLOCKED:增强回退链路执行失败，无法进入评论区,note,https://www.xiaohongshu.com/search_result?keyword=储蓄险,,0,0,0,0,user_victor,Victor 博士的财富空间,['储蓄险'],储蓄险,,2026-03-10 04:32:45.303269+00:00,2026-03-10 04:32:45.303269+00:00
134,sr_wed4_1_马大姐,结婚买保险 - 靠谱的马大姐,COMMENT_BLOCKED:增强回退链路执行失败，无法进入评论区,note,https://www.xiaohongshu.com/search_result?keyword=结婚买保险,,0,0,0,0,user_mjd3,靠谱的马大姐,['结婚保险'],结婚买保险,,2026-03-10 04:54:12.861414+00:00,2026-03-10 04:54:12.861414+00:00
135,sr_wed4_2_姚观,结婚买保险 - 姚观趋势,COMMENT_BLOCKED:增强回退链路执行失败，无法进入评论区,note,https://www.xiaohongshu.com/search_result?keyword=结婚买保险,,0,0,0,0,user_yaoguan,姚观趋势,['结婚保险'],结婚买保险,,2026-03-10 04:54:14.367995+00:00,2026-03-10 04:54:14.367995+00:00
136,sr_wed4_3_时富,结婚买保险 - 时富家族办公室,COMMENT_BLOCKED:增强回退链路执行失败，无法进入评论区,note,https://www.xiaohongshu.com/search_result?keyword=结婚买保险,,0,0,0,0,user_shifu,时富家族办公室,['结婚保险'],结婚买保险,,2026-03-10 04:54:16.219797+00:00,2026-03-10 04:54:16.219797+00:00
137,sr_wed4_4_周冬雨,结婚买保险 - 卖保险的周冬雨,COMMENT_BLOCKED:增强回退链路执行失败，无法进入评论区,note,https://www.xiaohongshu.com/search_result?keyword=结婚买保险,,0,0,0,0,user_zhou2,卖保险的周冬雨,['结婚保险'],结婚买保险,,2026-03-10 04:54:17.759647+00:00,2026-03-10 04:54:17.759647+00:00
138,sr_hk4_2_小马哥,资产配置香港 - 香港佬小马哥,COMMENT_BLOCKED:增强回退链路执行失败，无法进入评论区,note,https://www.xiaohongshu.com/search_result?keyword=资产配置香港,,0,0,0,0,user_xmg2,香港佬小马哥,['资产配置，香港'],资产配置香港,,2026-03-10 05:13:49.627678+00:00,2026-03-10 05:13:49.627678+00:00
139,sr_hk4_3_Ruby,资产配置香港-Ruby 港岛记,COMMENT_BLOCKED:增强回退链路执行失败，无法进入评论区,note,https://www.xiaohongshu.com/search_result?keyword=资产配置香港,,0,0,0,0,user_ruby3,Ruby 港岛记,['资产配置，香港'],资产配置香港,,2026-03-10 05:13:50.784211+00:00,2026-03-10 05:13:50.784211+00:00
140,sr_hk4_4_Aaron,资产配置香港-Aaron 大 D,COMMENT_BLOCKED:增强回退链路执行失败，无法进入评论区,note,https://www.xiaohongshu.com/search_result?keyword=资产配置香港,,0,0,0,0,user_aaron2,Aaron 大 D,['资产配置，香港'],资产配置香港,,2026-03-10 05:13:52.068551+00:00,2026-03-10 05:13:52.068551+00:00
141,sr_hk4_1_Alpha,资产配置香港-Alpha,COMMENT_BLOCKED:增强回退链路执行失败，无法进入评论区,note,https://www.xiaohongshu.com/search_result?keyword=资产配置香港,,0,0,0,0,user_alpha4,Alpha,['资产配置，香港'],资产配置香港,,2026-03-10 05:14:28.657215+00:00,2026-03-10 05:14:28.657215+00:00
142,sr_old4_1_David,养老规划 - 热爱生活的 David,COMMENT_BLOCKED:增强回退链路执行失败，无法进入评论区,note,https://www.xiaohongshu.com/search_result?keyword=养老规划,,0,0,0,0,user_david,热爱生活的 David,['养老规划'],养老规划,,2026-03-10 05:35:42.747497+00:00,2026-03-10 05:35:42.747497+00:00
143,sr_old4_2_阿飞,养老规划 - 独活阿飞,COMMENT_BLOCKED:增强回退链路执行失败，无法进入评论区,note,https://www.xiaohongshu.com/search_result?keyword=养老规划,,0,0,0,0,user_afei,独活阿飞,['养老规划'],养老规划,,2026-03-10 05:35:44.358873+00:00,2026-03-10 05:35:44.358873+00:00
144,sr_old4_3_冷三岁,养老规划 - 冷三岁,COMMENT_BLOCKED:增强回退链路执行失败，无法进入评论区,note,https://www.xiaohongshu.com/search_result?keyword=养老规划,,0,0,0,0,user_leng,冷三岁,['养老规划'],养老规划,,2026-03-10 05:35:46.114370+00:00,2026-03-10 05:35:46.114370+00:00
145,sr_old4_4_吴总,养老规划 - 吴总港风升级日记,COMMENT_BLOCKED:增强回退链路执行失败，无法进入评论区,note,https://www.xiaohongshu.com/search_result?keyword=养老规划,,0,0,0,0,user_wuzong2,吴总港风升级日记,['养老规划'],养老规划,,2026-03-10 05:35:47.766206+00:00,2026-03-10 05:35:47.766206+00:00
146,sr_ask4_1_小满,保险规划求助 - 小满,COMMENT_BLOCKED:增强回退链路执行失败，无法进入评论区,note,https://www.xiaohongshu.com/search_result?keyword=保险规划求助,,0,0,0,0,user_xiaoman5,小满,['保险规划'],保险规划求助,,2026-03-10 06:07:54.852193+00:00,2026-03-10 06:07:54.852193+00:00
147,sr_ask4_2_红中,保险规划求助 - 想摸四个红中,COMMENT_BLOCKED:增强回退链路执行失败，无法进入评论区,note,https://www.xiaohongshu.com/search_result?keyword=保险规划求助,,0,0,0,0,user_hongzhong4,想摸四个红中,['保险规划'],保险规划求助,,2026-03-10 06:07:56.437531+00:00,2026-03-10 06:07:56.437531+00:00
148,sr_ask4_3_一淇,保险规划求助 - 一淇向暖,COMMENT_BLOCKED:增强回退链路执行失败，无法进入评论区,note,https://www.xiaohongshu.com/search_result?keyword=保险规划求助,,0,0,0,0,user_yiqi4,一淇向暖,['保险规划'],保险规划求助,,2026-03-10 06:07:58.369564+00:00,2026-03-10 06:07:58.369564+00:00
149,sr_ask4_4_威而,保险规划求助 - 威而不怒,COMMENT_BLOCKED:增强回退链路执行失败，无法进入评论区,note,https://www.xiaohongshu.com/search_result?keyword=保险规划求助,,0,0,0,0,user_weiernu2,威而不怒,['保险规划'],保险规划求助,,2026-03-10 06:08:00.026380+00:00,2026-03-10 06:08:00.026380+00:00
